{
  "package-0" : {
    "transaction" : "package-0",
    "sampleCount" : 700,
    "errorCount" : 0,
    "errorPct" : 0.0,
    "meanResTime" : 338.84857142857123,
    "medianResTime" : 243.0,
    "minResTime" : 10.0,
    "maxResTime" : 2611.0,
    "pct1ResTime" : 909.1999999999998,
    "pct2ResTime" : 1062.85,
    "pct3ResTime" : 1682.3500000000006,
    "throughput" : 12.675418741511997,
    "receivedKBytesPerSec" : 9.825995925758262,
    "sentKBytesPerSec" : 2.475667722951562
  },
  "package" : {
    "transaction" : "package",
    "sampleCount" : 700,
    "errorCount" : 0,
    "errorPct" : 0.0,
    "meanResTime" : 1951.654285714286,
    "medianResTime" : 1720.5,
    "minResTime" : 294.0,
    "maxResTime" : 14129.0,
    "pct1ResTime" : 3643.899999999999,
    "pct2ResTime" : 4724.499999999998,
    "pct3ResTime" : 7759.42,
    "throughput" : 12.607614999459674,
    "receivedKBytesPerSec" : 2217.3614210639475,
    "sentKBytesPerSec" : 4.924849609163935
  },
  "package-1" : {
    "transaction" : "package-1",
    "sampleCount" : 700,
    "errorCount" : 0,
    "errorPct" : 0.0,
    "meanResTime" : 1612.7385714285708,
    "medianResTime" : 1377.0,
    "minResTime" : 283.0,
    "maxResTime" : 13230.0,
    "pct1ResTime" : 2807.7999999999997,
    "pct2ResTime" : 4125.299999999997,
    "pct3ResTime" : 7267.670000000001,
    "throughput" : 12.654337726196287,
    "receivedKBytesPerSec" : 2215.769116100159,
    "sentKBytesPerSec" : 2.471550337147712
  },
  "panjabi" : {
    "transaction" : "panjabi",
    "sampleCount" : 700,
    "errorCount" : 0,
    "errorPct" : 0.0,
    "meanResTime" : 1241.2700000000007,
    "medianResTime" : 971.0,
    "minResTime" : 294.0,
    "maxResTime" : 14455.0,
    "pct1ResTime" : 2375.8,
    "pct2ResTime" : 3192.4999999999964,
    "pct3ResTime" : 4956.330000000003,
    "throughput" : 12.706710958630579,
    "receivedKBytesPerSec" : 1542.3687266287282,
    "sentKBytesPerSec" : 3.3752200983862477
  },
  "publisher-1" : {
    "transaction" : "publisher-1",
    "sampleCount" : 700,
    "errorCount" : 0,
    "errorPct" : 0.0,
    "meanResTime" : 1630.70714285714,
    "medianResTime" : 1395.0,
    "minResTime" : 276.0,
    "maxResTime" : 13109.0,
    "pct1ResTime" : 2787.0,
    "pct2ResTime" : 3676.5999999999995,
    "pct3ResTime" : 8455.090000000006,
    "throughput" : 12.092107308815146,
    "receivedKBytesPerSec" : 1026.6405757408575,
    "sentKBytesPerSec" : 1.641409097583306
  },
  "book-1" : {
    "transaction" : "book-1",
    "sampleCount" : 700,
    "errorCount" : 0,
    "errorPct" : 0.0,
    "meanResTime" : 10399.29142857143,
    "medianResTime" : 9506.0,
    "minResTime" : 383.0,
    "maxResTime" : 41158.0,
    "pct1ResTime" : 21425.199999999997,
    "pct2ResTime" : 25676.199999999997,
    "pct3ResTime" : 32045.920000000006,
    "throughput" : 11.65268344653083,
    "receivedKBytesPerSec" : 13113.640145497278,
    "sentKBytesPerSec" : 1.4679650044946064
  },
  "writer-1" : {
    "transaction" : "writer-1",
    "sampleCount" : 700,
    "errorCount" : 0,
    "errorPct" : 0.0,
    "meanResTime" : 1799.904285714287,
    "medianResTime" : 1556.5,
    "minResTime" : 275.0,
    "maxResTime" : 19602.0,
    "pct1ResTime" : 2909.2999999999997,
    "pct2ResTime" : 4066.199999999999,
    "pct3ResTime" : 8673.870000000003,
    "throughput" : 11.828120511650699,
    "receivedKBytesPerSec" : 991.7584336083372,
    "sentKBytesPerSec" : 1.5709222554536084
  },
  "book" : {
    "transaction" : "book",
    "sampleCount" : 700,
    "errorCount" : 0,
    "errorPct" : 0.0,
    "meanResTime" : 11219.782857142854,
    "medianResTime" : 10928.0,
    "minResTime" : 407.0,
    "maxResTime" : 41209.0,
    "pct1ResTime" : 22090.699999999997,
    "pct2ResTime" : 25957.649999999994,
    "pct3ResTime" : 32223.530000000006,
    "throughput" : 11.64492946499867,
    "receivedKBytesPerSec" : 13113.139246193563,
    "sentKBytesPerSec" : 2.933976369110993
  },
  "book-0" : {
    "transaction" : "book-0",
    "sampleCount" : 700,
    "errorCount" : 0,
    "errorPct" : 0.0,
    "meanResTime" : 820.3057142857147,
    "medianResTime" : 432.0,
    "minResTime" : 19.0,
    "maxResTime" : 11587.0,
    "pct1ResTime" : 2131.3999999999996,
    "pct2ResTime" : 2802.5999999999967,
    "pct3ResTime" : 3679.98,
    "throughput" : 11.74851465207613,
    "receivedKBytesPerSec" : 8.298404667097445,
    "sentKBytesPerSec" : 1.4800374903494344
  },
  "writer-0" : {
    "transaction" : "writer-0",
    "sampleCount" : 700,
    "errorCount" : 0,
    "errorPct" : 0.0,
    "meanResTime" : 554.902857142857,
    "medianResTime" : 527.5,
    "minResTime" : 9.0,
    "maxResTime" : 2050.0,
    "pct1ResTime" : 1081.0,
    "pct2ResTime" : 1144.0,
    "pct3ResTime" : 1478.3000000000006,
    "throughput" : 11.878499915153572,
    "receivedKBytesPerSec" : 8.468833520702528,
    "sentKBytesPerSec" : 1.5776132699813339
  },
  "panjabi-0" : {
    "transaction" : "panjabi-0",
    "sampleCount" : 700,
    "errorCount" : 0,
    "errorPct" : 0.0,
    "meanResTime" : 218.44571428571444,
    "medianResTime" : 90.0,
    "minResTime" : 9.0,
    "maxResTime" : 1868.0,
    "pct1ResTime" : 645.0999999999996,
    "pct2ResTime" : 871.6999999999982,
    "pct3ResTime" : 1141.7400000000002,
    "throughput" : 12.774655084312723,
    "receivedKBytesPerSec" : 9.10746650074823,
    "sentKBytesPerSec" : 1.6966338783852837
  },
  "panjabi-1" : {
    "transaction" : "panjabi-1",
    "sampleCount" : 700,
    "errorCount" : 0,
    "errorPct" : 0.0,
    "meanResTime" : 1022.7642857142845,
    "medianResTime" : 736.0,
    "minResTime" : 276.0,
    "maxResTime" : 12947.0,
    "pct1ResTime" : 1880.6999999999998,
    "pct2ResTime" : 2421.699999999998,
    "pct3ResTime" : 4340.710000000003,
    "throughput" : 12.79380048981979,
    "receivedKBytesPerSec" : 1543.818730980645,
    "sentKBytesPerSec" : 1.6991766275541909
  },
  "home" : {
    "transaction" : "home",
    "sampleCount" : 700,
    "errorCount" : 600,
    "errorPct" : 85.71429,
    "meanResTime" : 10360.948571428571,
    "medianResTime" : 1991.5,
    "minResTime" : 326.0,
    "maxResTime" : 61796.0,
    "pct1ResTime" : 57252.299999999996,
    "pct2ResTime" : 59505.45,
    "pct3ResTime" : 60592.82,
    "throughput" : 11.229646266142616,
    "receivedKBytesPerSec" : 736.8575852751263,
    "sentKBytesPerSec" : 1.305007720381808
  },
  "preorder-0" : {
    "transaction" : "preorder-0",
    "sampleCount" : 700,
    "errorCount" : 0,
    "errorPct" : 0.0,
    "meanResTime" : 437.3842857142859,
    "medianResTime" : 389.0,
    "minResTime" : 11.0,
    "maxResTime" : 5532.0,
    "pct1ResTime" : 945.9,
    "pct2ResTime" : 1060.8999999999999,
    "pct3ResTime" : 1889.5200000000023,
    "throughput" : 12.31007315700619,
    "receivedKBytesPerSec" : 8.670598654245216,
    "sentKBytesPerSec" : 1.526737588808385
  },
  "preorder-1" : {
    "transaction" : "preorder-1",
    "sampleCount" : 700,
    "errorCount" : 0,
    "errorPct" : 0.0,
    "meanResTime" : 1605.2657142857154,
    "medianResTime" : 1403.5,
    "minResTime" : 278.0,
    "maxResTime" : 15552.0,
    "pct1ResTime" : 2751.099999999999,
    "pct2ResTime" : 3942.4499999999966,
    "pct3ResTime" : 7556.85,
    "throughput" : 12.270583904499798,
    "receivedKBytesPerSec" : 1434.9423330488457,
    "sentKBytesPerSec" : 1.5218399959682367
  },
  "Total" : {
    "transaction" : "Total",
    "sampleCount" : 13300,
    "errorCount" : 600,
    "errorPct" : 4.511278,
    "meanResTime" : 2748.312781954894,
    "medianResTime" : 1086.0,
    "minResTime" : 9.0,
    "maxResTime" : 61796.0,
    "pct1ResTime" : 5453.5999999999985,
    "pct2ResTime" : 12690.0,
    "pct3ResTime" : 29311.869999999974,
    "throughput" : 205.95887016848366,
    "receivedKBytesPerSec" : 37809.08696124528,
    "sentKBytesPerSec" : 37.9715495114284
  },
  "publisher" : {
    "transaction" : "publisher",
    "sampleCount" : 700,
    "errorCount" : 0,
    "errorPct" : 0.0,
    "meanResTime" : 2118.4700000000016,
    "medianResTime" : 2032.5,
    "minResTime" : 293.0,