{
  "package-0" : {
    "transaction" : "package-0",
    "sampleCount" : 300,
    "errorCount" : 0,
    "errorPct" : 0.0,
    "meanResTime" : 194.1733333333335,
    "medianResTime" : 117.5,
    "minResTime" : 11.0,
    "maxResTime" : 1232.0,
    "pct1ResTime" : 443.50000000000017,
    "pct2ResTime" : 467.9,
    "pct3ResTime" : 1015.3700000000015,
    "throughput" : 12.489072061945798,
    "receivedKBytesPerSec" : 9.686592590857998,
    "sentKBytesPerSec" : 2.4392718870987884
  },
  "package" : {
    "transaction" : "package",
    "sampleCount" : 300,
    "errorCount" : 0,
    "errorPct" : 0.0,
    "meanResTime" : 1255.240000000001,
    "medianResTime" : 984.5,
    "minResTime" : 328.0,
    "maxResTime" : 4960.0,
    "pct1ResTime" : 2339.5000000000027,
    "pct2ResTime" : 2908.2,
    "pct3ResTime" : 4208.850000000003,
    "throughput" : 12.307187397440106,
    "receivedKBytesPerSec" : 2164.5248207765835,
    "sentKBytesPerSec" : 4.807495077125041
  },
  "package-1" : {
    "transaction" : "package-1",
    "sampleCount" : 300,
    "errorCount" : 0,
    "errorPct" : 0.0,
    "meanResTime" : 1061.0033333333333,
    "medianResTime" : 811.5,
    "minResTime" : 297.0,
    "maxResTime" : 4526.0,
    "pct1ResTime" : 2036.9,
    "pct2ResTime" : 2496.2499999999995,
    "pct3ResTime" : 3761.680000000002,
    "throughput" : 12.35941169200346,
    "receivedKBytesPerSec" : 2164.123733804021,
    "sentKBytesPerSec" : 2.413947596094426
  },
  "panjabi" : {
    "transaction" : "panjabi",
    "sampleCount" : 300,
    "errorCount" : 0,
    "errorPct" : 0.0,
    "meanResTime" : 965.8699999999999,
    "medianResTime" : 705.5,
    "minResTime" : 300.0,
    "maxResTime" : 5291.0,
    "pct1ResTime" : 1847.8000000000004,
    "pct2ResTime" : 2239.95,
    "pct3ResTime" : 3131.370000000001,
    "throughput" : 12.848515996402416,
    "receivedKBytesPerSec" : 1559.5839054938112,
    "sentKBytesPerSec" : 3.412887061544392
  },
  "publisher-1" : {
    "transaction" : "publisher-1",
    "sampleCount" : 300,
    "errorCount" : 0,
    "errorPct" : 0.0,
    "meanResTime" : 1056.9199999999992,
    "medianResTime" : 867.0,
    "minResTime" : 328.0,
    "maxResTime" : 4173.0,
    "pct1ResTime" : 1812.9000000000003,
    "pct2ResTime" : 2285.9,
    "pct3ResTime" : 3624.3400000000015,
    "throughput" : 12.658227848101266,
    "receivedKBytesPerSec" : 1074.703899657173,
    "sentKBytesPerSec" : 1.7182555379746836
  },
  "book-1" : {
    "transaction" : "book-1",
    "sampleCount" : 300,
    "errorCount" : 0,
    "errorPct" : 0.0,
    "meanResTime" : 4784.326666666669,
    "medianResTime" : 3703.0,
    "minResTime" : 508.0,
    "maxResTime" : 19402.0,
    "pct1ResTime" : 9456.600000000008,
    "pct2ResTime" : 12585.849999999999,
    "pct3ResTime" : 18088.020000000008,
    "throughput" : 13.753896937465615,
    "receivedKBytesPerSec" : 15478.288139484572,
    "sentKBytesPerSec" : 1.7326686571611956
  },
  "writer-1" : {
    "transaction" : "writer-1",
    "sampleCount" : 300,
    "errorCount" : 0,
    "errorPct" : 0.0,
    "meanResTime" : 1159.6233333333332,
    "medianResTime" : 871.5,
    "minResTime" : 305.0,
    "maxResTime" : 4400.0,
    "pct1ResTime" : 2040.6000000000001,
    "pct2ResTime" : 2682.249999999998,
    "pct3ResTime" : 3550.0700000000015,
    "throughput" : 13.262013173599753,
    "receivedKBytesPerSec" : 1111.9849227487734,
    "sentKBytesPerSec" : 1.7613611246187173
  },
  "book" : {
    "transaction" : "book",
    "sampleCount" : 300,
    "errorCount" : 0,
    "errorPct" : 0.0,
    "meanResTime" : 5486.229999999998,
    "medianResTime" : 4530.0,
    "minResTime" : 638.0,
    "maxResTime" : 19473.0,
    "pct1ResTime" : 10162.2,
    "pct2ResTime" : 13097.599999999999,
    "pct3ResTime" : 18140.420000000002,
    "throughput" : 13.658714259697687,
    "receivedKBytesPerSec" : 15380.814246110112,
    "sentKBytesPerSec" : 3.441355741212894
  },
  "book-0" : {
    "transaction" : "book-0",
    "sampleCount" : 300,
    "errorCount" : 0,
    "errorPct" : 0.0,
    "meanResTime" : 701.8266666666667,
    "medianResTime" : 644.0,
    "minResTime" : 18.0,
    "maxResTime" : 5615.0,
    "pct1ResTime" : 1707.8000000000002,
    "pct2ResTime" : 1866.3999999999999,
    "pct3ResTime" : 3791.7700000000013,
    "throughput" : 18.681113394358302,
    "receivedKBytesPerSec" : 13.187820108661809,
    "sentKBytesPerSec" : 2.353382449093966
  },
  "writer-0" : {
    "transaction" : "writer-0",
    "sampleCount" : 300,
    "errorCount" : 0,
    "errorPct" : 0.0,
    "meanResTime" : 284.376666666667,
    "medianResTime" : 304.5,
    "minResTime" : 10.0,
    "maxResTime" : 1335.0,
    "pct1ResTime" : 464.90000000000003,
    "pct2ResTime" : 517.3999999999996,
    "pct3ResTime" : 872.7800000000002,
    "throughput" : 14.138272303124559,
    "receivedKBytesPerSec" : 10.085485001649465,
    "sentKBytesPerSec" : 1.8777392902587302
  },
  "panjabi-0" : {
    "transaction" : "panjabi-0",
    "sampleCount" : 300,
    "errorCount" : 0,
    "errorPct" : 0.0,
    "meanResTime" : 151.09999999999997,
    "medianResTime" : 87.5,
    "minResTime" : 10.0,
    "maxResTime" : 781.0,
    "pct1ResTime" : 428.0,
    "pct2ResTime" : 458.74999999999994,
    "pct3ResTime" : 726.7700000000002,
    "throughput" : 13.027618551328818,
    "receivedKBytesPerSec" : 9.290320479416364,
    "sentKBytesPerSec" : 1.7302305888483587
  },
  "panjabi-1" : {
    "transaction" : "panjabi-1",
    "sampleCount" : 300,
    "errorCount" : 0,
    "errorPct" : 0.0,
    "meanResTime" : 814.6900000000003,
    "medianResTime" : 616.5,
    "minResTime" : 287.0,
    "maxResTime" : 5133.0,
    "pct1ResTime" : 1576.4,
    "pct2ResTime" : 1838.9499999999996,
    "pct3ResTime" : 2696.6400000000003,
    "throughput" : 12.908777969018933,
    "receivedKBytesPerSec" : 1557.693076995482,
    "sentKBytesPerSec" : 1.714447074010327
  },
  "home" : {
    "transaction" : "home",
    "sampleCount" : 300,
    "errorCount" : 0,
    "errorPct" : 0.0,
    "meanResTime" : 2963.326666666665,
    "medianResTime" : 2464.0,
    "minResTime" : 425.0,
    "maxResTime" : 14871.0,
    "pct1ResTime" : 4799.200000000001,
    "pct2ResTime" : 6677.249999999994,
    "pct3ResTime" : 11444.810000000018,
    "throughput" : 16.440157825515126,
    "receivedKBytesPerSec" : 7200.465783065267,
    "sentKBytesPerSec" : 1.910526153551074
  },
  "preorder-0" : {
    "transaction" : "preorder-0",
    "sampleCount" : 300,
    "errorCount" : 0,
    "errorPct" : 0.0,
    "meanResTime" : 244.9133333333332,
    "medianResTime" : 168.5,
    "minResTime" : 11.0,
    "maxResTime" : 1461.0,
    "pct1ResTime" : 455.0,
    "pct2ResTime" : 562.55,
    "pct3ResTime" : 1222.5000000000005,
    "throughput" : 12.98251687727194,
    "receivedKBytesPerSec" : 9.13948902977324,
    "sentKBytesPerSec" : 1.6101363705210316
  },
  "preorder-1" : {
    "transaction" : "preorder-1",
    "sampleCount" : 300,
    "errorCount" : 0,
    "errorPct" : 0.0,
    "meanResTime" : 1068.6133333333328,
    "medianResTime" : 847.5,
    "minResTime" : 296.0,
    "maxResTime" : 5134.0,
    "pct1ResTime" : 1816.9000000000003,
    "pct2ResTime" : 2471.149999999999,
    "pct3ResTime" : 4057.2900000000027,
    "throughput" : 12.305168170631665,
    "receivedKBytesPerSec" : 1438.9845512458983,
    "sentKBytesPerSec" : 1.5261292555373258
  },
  "Total" : {
    "transaction" : "Total",
    "sampleCount" : 5700,
    "errorCount" : 0,
    "errorPct" : 0.0,
    "meanResTime" : 1397.1522807017527,
    "medianResTime" : 775.0,
    "minResTime" : 10.0,
    "maxResTime" : 19473.0,
    "pct1ResTime" : 3227.800000000001,
    "pct2ResTime" : 4727.9,
    "pct3ResTime" : 10377.399999999987,
    "throughput" : 194.48614712706427,
    "receivedKBytesPerSec" : 39514.50249292002,
    "sentKBytesPerSec" : 35.856384135730856
  },
  "publisher" : {
    "transaction" : "publisher",
    "sampleCount" : 300,
    "errorCount" : 0,
    "errorPct" : 0.0,
    "meanResTime" : 1326.4933333333324,
    "medianResTime" : 1243.0,
    "minResTime" : 344.0,