{
  "package-0" : {
    "transaction" : "package-0",
    "sampleCount" : 350,
    "errorCount" : 0,
    "errorPct" : 0.0,
    "meanResTime" : 228.03714285714295,
    "medianResTime" : 113.5,
    "minResTime" : 9.0,
    "maxResTime" : 1186.0,
    "pct1ResTime" : 623.9000000000001,
    "pct2ResTime" : 703.45,
    "pct3ResTime" : 950.7400000000002,
    "throughput" : 13.119424244696004,
    "receivedKBytesPerSec" : 10.169164433240873,
    "sentKBytesPerSec" : 2.5623875477921882
  },
  "package" : {
    "transaction" : "package",
    "sampleCount" : 350,
    "errorCount" : 0,
    "errorPct" : 0.0,
    "meanResTime" : 1505.3571428571431,
    "medianResTime" : 1184.5,
    "minResTime" : 306.0,
    "maxResTime" : 6826.0,
    "pct1ResTime" : 3094.100000000002,
    "pct2ResTime" : 3637.649999999999,
    "pct3ResTime" : 5262.480000000004,
    "throughput" : 12.975938901864827,
    "receivedKBytesPerSec" : 2282.1349995829164,
    "sentKBytesPerSec" : 5.068726133540949
  },
  "package-1" : {
    "transaction" : "package-1",
    "sampleCount" : 350,
    "errorCount" : 0,
    "errorPct" : 0.0,
    "meanResTime" : 1277.2685714285722,
    "medianResTime" : 1057.5,
    "minResTime" : 294.0,
    "maxResTime" : 6121.0,
    "pct1ResTime" : 2572.500000000003,
    "pct2ResTime" : 3108.449999999999,
    "pct3ResTime" : 5009.580000000004,
    "throughput" : 13.051422605063951,
    "receivedKBytesPerSec" : 2285.294193049185,
    "sentKBytesPerSec" : 2.549105977551553
  },
  "panjabi" : {
    "transaction" : "panjabi",
    "sampleCount" : 350,
    "errorCount" : 0,
    "errorPct" : 0.0,
    "meanResTime" : 1167.571428571428,
    "medianResTime" : 804.5,
    "minResTime" : 309.0,
    "maxResTime" : 10725.0,
    "pct1ResTime" : 2080.9000000000005,
    "pct2ResTime" : 2839.549999999997,
    "pct3ResTime" : 6152.320000000006,
    "throughput" : 12.89561917394348,
    "receivedKBytesPerSec" : 1565.2919519246714,
    "sentKBytesPerSec" : 3.425398843078737
  },
  "publisher-1" : {
    "transaction" : "publisher-1",
    "sampleCount" : 350,
    "errorCount" : 0,
    "errorPct" : 0.0,
    "meanResTime" : 1195.5799999999995,
    "medianResTime" : 909.5,
    "minResTime" : 312.0,
    "maxResTime" : 10128.0,
    "pct1ResTime" : 1960.8000000000002,
    "pct2ResTime" : 2590.199999999999,
    "pct3ResTime" : 5037.180000000009,
    "throughput" : 12.046948679998623,
    "receivedKBytesPerSec" : 1022.8051696468523,
    "sentKBytesPerSec" : 1.6352791665232507
  },
  "book-1" : {
    "transaction" : "book-1",
    "sampleCount" : 350,
    "errorCount" : 0,
    "errorPct" : 0.0,
    "meanResTime" : 6446.462857142858,
    "medianResTime" : 5229.0,
    "minResTime" : 621.0,
    "maxResTime" : 23729.0,
    "pct1ResTime" : 11897.000000000011,
    "pct2ResTime" : 15819.5,
    "pct3ResTime" : 21377.96000000001,
    "throughput" : 12.650449994578379,
    "receivedKBytesPerSec" : 14236.503233488904,
    "sentKBytesPerSec" : 1.5936602043951278
  },
  "writer-1" : {
    "transaction" : "writer-1",
    "sampleCount" : 350,
    "errorCount" : 0,
    "errorPct" : 0.0,
    "meanResTime" : 1272.1771428571424,
    "medianResTime" : 987.5,
    "minResTime" : 288.0,
    "maxResTime" : 13221.0,
    "pct1ResTime" : 2126.1000000000004,
    "pct2ResTime" : 2766.899999999999,
    "pct3ResTime" : 5331.490000000004,
    "throughput" : 12.394206593717907,
    "receivedKBytesPerSec" : 1039.2226494719182,
    "sentKBytesPerSec" : 1.6461055632281596
  },
  "book" : {
    "transaction" : "book",
    "sampleCount" : 350,
    "errorCount" : 0,
    "errorPct" : 0.0,
    "meanResTime" : 7402.022857142861,
    "medianResTime" : 6361.5,
    "minResTime" : 672.0,
    "maxResTime" : 23798.0,
    "pct1ResTime" : 13153.200000000017,
    "pct2ResTime" : 16354.449999999999,
    "pct3ResTime" : 21437.25000000001,
    "throughput" : 12.638116559543583,
    "receivedKBytesPerSec" : 14231.54767983363,
    "sentKBytesPerSec" : 3.1842129612912546
  },
  "book-0" : {
    "transaction" : "book-0",
    "sampleCount" : 350,
    "errorCount" : 0,
    "errorPct" : 0.0,
    "meanResTime" : 955.4714285714294,
    "medianResTime" : 949.0,
    "minResTime" : 20.0,
    "maxResTime" : 3952.0,
    "pct1ResTime" : 2116.7000000000007,
    "pct2ResTime" : 2511.3999999999996,
    "pct3ResTime" : 3276.84,
    "throughput" : 13.53336942231846,
    "receivedKBytesPerSec" : 9.556356212783236,
    "sentKBytesPerSec" : 1.7048873588662905
  },
  "writer-0" : {
    "transaction" : "writer-0",
    "sampleCount" : 350,
    "errorCount" : 0,
    "errorPct" : 0.0,
    "meanResTime" : 439.97999999999973,
    "medianResTime" : 353.0,
    "minResTime" : 11.0,
    "maxResTime" : 3603.0,
    "pct1ResTime" : 756.8000000000008,
    "pct2ResTime" : 1583.4499999999998,
    "pct3ResTime" : 2179.060000000001,
    "throughput" : 12.980751400066758,
    "receivedKBytesPerSec" : 9.255449597596707,
    "sentKBytesPerSec" : 1.7240060453213664
  },
  "panjabi-0" : {
    "transaction" : "panjabi-0",
    "sampleCount" : 350,
    "errorCount" : 0,
    "errorPct" : 0.0,
    "meanResTime" : 184.76285714285697,
    "medianResTime" : 48.5,
    "minResTime" : 10.0,
    "maxResTime" : 1430.0,
    "pct1ResTime" : 581.0,
    "pct2ResTime" : 746.05,
    "pct3ResTime" : 1046.7500000000007,
    "throughput" : 13.550135501355014,
    "receivedKBytesPerSec" : 9.659159649632212,
    "sentKBytesPerSec" : 1.7996273712737128
  },
  "panjabi-1" : {
    "transaction" : "panjabi-1",
    "sampleCount" : 350,
    "errorCount" : 0,
    "errorPct" : 0.0,
    "meanResTime" : 982.7142857142859,
    "medianResTime" : 718.5,
    "minResTime" : 285.0,
    "maxResTime" : 10040.0,
    "pct1ResTime" : 1798.3000000000002,
    "pct2ResTime" : 2098.1499999999996,
    "pct3ResTime" : 5646.090000000009,
    "throughput" : 13.217522658610271,
    "receivedKBytesPerSec" : 1594.9430805678815,
    "sentKBytesPerSec" : 1.7554522280966767
  },
  "home" : {
    "transaction" : "home",
    "sampleCount" : 350,
    "errorCount" : 0,
    "errorPct" : 0.0,
    "meanResTime" : 3716.262857142856,
    "medianResTime" : 3135.5,
    "minResTime" : 386.0,
    "maxResTime" : 21509.0,
    "pct1ResTime" : 6417.400000000001,
    "pct2ResTime" : 8197.35,
    "pct3ResTime" : 15842.800000000043,
    "throughput" : 12.507146941109205,
    "receivedKBytesPerSec" : 5477.8732727295055,
    "sentKBytesPerSec" : 1.453467271476558
  },
  "preorder-0" : {
    "transaction" : "preorder-0",
    "sampleCount" : 350,
    "errorCount" : 0,
    "errorPct" : 0.0,
    "meanResTime" : 295.2114285714286,
    "medianResTime" : 151.0,
    "minResTime" : 11.0,
    "maxResTime" : 1878.0,
    "pct1ResTime" : 668.7,
    "pct2ResTime" : 827.8499999999997,
    "pct3ResTime" : 1578.780000000002,
    "throughput" : 12.495091214165864,
    "receivedKBytesPerSec" : 8.800393149119989,
    "sentKBytesPerSec" : 1.549684164256899
  },
  "preorder-1" : {
    "transaction" : "preorder-1",
    "sampleCount" : 350,
    "errorCount" : 0,
    "errorPct" : 0.0,
    "meanResTime" : 1316.1285714285714,
    "medianResTime" : 1017.0,
    "minResTime" : 301.0,
    "maxResTime" : 9047.0,
    "pct1ResTime" : 2107.8000000000006,
    "pct2ResTime" : 3137.7,
    "pct3ResTime" : 7039.710000000002,
    "throughput" : 12.411347517730498,
    "receivedKBytesPerSec" : 1451.4065962987588,
    "sentKBytesPerSec" : 1.5392979831560285
  },
  "Total" : {
    "transaction" : "Total",
    "sampleCount" : 6650,
    "errorCount" : 0,
    "errorPct" : 0.0,
    "meanResTime" : 1767.9875187970003,
    "medianResTime" : 923.5,
    "minResTime" : 9.0,
    "maxResTime" : 23798.0,
    "pct1ResTime" : 4140.600000000008,
    "pct2ResTime" : 6984.349999999999,
    "pct3ResTime" : 13581.98,
    "throughput" : 193.1623435094548,
    "receivedKBytesPerSec" : 39245.526284556814,
    "sentKBytesPerSec" : 35.61232145191274
  },
  "publisher" : {
    "transaction" : "publisher",
    "sampleCount" : 350,
    "errorCount" : 0,
    "errorPct" : 0.0,
    "meanResTime" : 1539.3828571428573,
    "medianResTime" : 1361.5,