{
  "package-0" : {
    "transaction" : "package-0",
    "sampleCount" : 450,
    "errorCount" : 0,
    "errorPct" : 0.0,
    "meanResTime" : 311.78666666666663,
    "medianResTime" : 199.0,
    "minResTime" : 12.0,
    "maxResTime" : 1682.0,
    "pct1ResTime" : 781.1000000000004,
    "pct2ResTime" : 870.45,
    "pct3ResTime" : 1184.7700000000016,
    "throughput" : 5.561460315890946,
    "receivedKBytesPerSec" : 4.312111083990409,
    "sentKBytesPerSec" : 1.0862227179474504
  },
  "package" : {
    "transaction" : "package",
    "sampleCount" : 450,
    "errorCount" : 0,
    "errorPct" : 0.0,
    "meanResTime" : 1546.9288888888896,
    "medianResTime" : 1331.0,
    "minResTime" : 358.0,
    "maxResTime" : 7653.0,
    "pct1ResTime" : 2827.5000000000005,
    "pct2ResTime" : 3470.6,
    "pct3ResTime" : 5465.520000000003,
    "throughput" : 5.523844595838704,
    "receivedKBytesPerSec" : 971.503854703707,
    "sentKBytesPerSec" : 2.1577517952494936
  },
  "package-1" : {
    "transaction" : "package-1",
    "sampleCount" : 450,
    "errorCount" : 0,
    "errorPct" : 0.0,
    "meanResTime" : 1235.0422222222217,
    "medianResTime" : 1060.5,
    "minResTime" : 344.0,
    "maxResTime" : 6946.0,
    "pct1ResTime" : 2107.100000000001,
    "pct2ResTime" : 2767.95,
    "pct3ResTime" : 4933.650000000002,
    "throughput" : 5.53982518773852,
    "receivedKBytesPerSec" : 970.0190984511571,
    "sentKBytesPerSec" : 1.0819971069801797
  },
  "panjabi" : {
    "transaction" : "panjabi",
    "sampleCount" : 450,
    "errorCount" : 0,
    "errorPct" : 0.0,
    "meanResTime" : 1152.442222222222,
    "medianResTime" : 869.5,
    "minResTime" : 308.0,
    "maxResTime" : 9989.0,
    "pct1ResTime" : 2198.9,
    "pct2ResTime" : 2656.6,
    "pct3ResTime" : 5532.670000000009,
    "throughput" : 5.499407286103609,
    "receivedKBytesPerSec" : 667.5298834545749,
    "sentKBytesPerSec" : 1.460780060371271
  },
  "publisher-1" : {
    "transaction" : "publisher-1",
    "sampleCount" : 450,
    "errorCount" : 0,
    "errorPct" : 0.0,
    "meanResTime" : 1307.6555555555562,
    "medianResTime" : 1078.5,
    "minResTime" : 305.0,
    "maxResTime" : 31728.0,
    "pct1ResTime" : 2040.5000000000005,
    "pct2ResTime" : 2485.4499999999985,
    "pct3ResTime" : 4265.190000000002,
    "throughput" : 5.459442408948633,
    "receivedKBytesPerSec" : 463.5162927390932,
    "sentKBytesPerSec" : 0.741076655120957
  },
  "book-1" : {
    "transaction" : "book-1",
    "sampleCount" : 450,
    "errorCount" : 0,
    "errorPct" : 0.0,
    "meanResTime" : 6929.40666666667,
    "medianResTime" : 5855.5,
    "minResTime" : 624.0,
    "maxResTime" : 27654.0,
    "pct1ResTime" : 12255.900000000005,
    "pct2ResTime" : 15023.949999999997,
    "pct3ResTime" : 24107.710000000006,
    "throughput" : 16.10824742268041,
    "receivedKBytesPerSec" : 18127.79821371841,
    "sentKBytesPerSec" : 2.0292616382087627
  },
  "writer-1" : {
    "transaction" : "writer-1",
    "sampleCount" : 450,
    "errorCount" : 0,
    "errorPct" : 0.0,
    "meanResTime" : 1510.7755555555557,
    "medianResTime" : 1204.0,
    "minResTime" : 308.0,
    "maxResTime" : 31899.0,
    "pct1ResTime" : 2292.0000000000005,
    "pct2ResTime" : 2882.0,
    "pct3ResTime" : 5616.930000000013,
    "throughput" : 8.80298910385571,
    "receivedKBytesPerSec" : 738.1086097818326,
    "sentKBytesPerSec" : 1.1691469903558365
  },
  "book" : {
    "transaction" : "book",
    "sampleCount" : 450,
    "errorCount" : 0,
    "errorPct" : 0.0,
    "meanResTime" : 7970.275555555557,
    "medianResTime" : 7020.5,
    "minResTime" : 786.0,
    "maxResTime" : 27781.0,
    "pct1ResTime" : 13065.5,
    "pct2ResTime" : 15363.24999999999,
    "pct3ResTime" : 24310.430000000004,
    "throughput" : 16.01537475976938,
    "receivedKBytesPerSec" : 18034.595468594296,
    "sentKBytesPerSec" : 4.035123718770019
  },
  "book-0" : {
    "transaction" : "book-0",
    "sampleCount" : 450,
    "errorCount" : 0,
    "errorPct" : 0.0,
    "meanResTime" : 1040.8133333333333,
    "medianResTime" : 1022.0,
    "minResTime" : 62.0,
    "maxResTime" : 3750.0,
    "pct1ResTime" : 1851.9000000000008,
    "pct2ResTime" : 2427.3999999999996,
    "pct3ResTime" : 3076.6200000000013,
    "throughput" : 22.876315388134817,
    "receivedKBytesPerSec" : 16.160468614966195,
    "sentKBytesPerSec" : 2.8818795752630777
  },
  "writer-0" : {
    "transaction" : "writer-0",
    "sampleCount" : 450,
    "errorCount" : 0,
    "errorPct" : 0.0,
    "meanResTime" : 577.1355555555554,
    "medianResTime" : 603.0,
    "minResTime" : 18.0,
    "maxResTime" : 2645.0,
    "pct1ResTime" : 892.0,
    "pct2ResTime" : 924.3499999999999,
    "pct3ResTime" : 2133.49,
    "throughput" : 16.46241082860801,
    "receivedKBytesPerSec" : 11.73854204774099,
    "sentKBytesPerSec" : 2.1864139381745016
  },
  "panjabi-0" : {
    "transaction" : "panjabi-0",
    "sampleCount" : 450,
    "errorCount" : 0,
    "errorPct" : 0.0,
    "meanResTime" : 234.90000000000018,
    "medianResTime" : 102.0,
    "minResTime" : 10.0,
    "maxResTime" : 1465.0,
    "pct1ResTime" : 794.0000000000003,
    "pct2ResTime" : 894.3499999999999,
    "pct3ResTime" : 1220.7400000000011,
    "throughput" : 5.591937668534788,
    "receivedKBytesPerSec" : 3.987070974115542,
    "sentKBytesPerSec" : 0.7426792216022765
  },
  "panjabi-1" : {
    "transaction" : "panjabi-1",
    "sampleCount" : 450,
    "errorCount" : 0,
    "errorPct" : 0.0,
    "meanResTime" : 917.497777777779,
    "medianResTime" : 736.0,
    "minResTime" : 288.0,
    "maxResTime" : 9169.0,
    "pct1ResTime" : 1613.5000000000002,
    "pct2ResTime" : 1972.1999999999994,
    "pct3ResTime" : 4696.820000000011,
    "throughput" : 5.519372999227287,
    "receivedKBytesPerSec" : 666.0180325390036,
    "sentKBytesPerSec" : 0.7330417264598741
  },
  "home" : {
    "transaction" : "home",
    "sampleCount" : 450,
    "errorCount" : 0,
    "errorPct" : 0.0,
    "meanResTime" : 3693.7022222222236,
    "medianResTime" : 3135.0,
    "minResTime" : 567.0,
    "maxResTime" : 17353.0,
    "pct1ResTime" : 6333.500000000001,
    "pct2ResTime" : 7555.3499999999985,
    "pct3ResTime" : 13640.250000000007,
    "throughput" : 20.502072987379833,
    "receivedKBytesPerSec" : 8979.911794814114,
    "sentKBytesPerSec" : 2.3825651225568363
  },
  "preorder-0" : {
    "transaction" : "preorder-0",
    "sampleCount" : 450,
    "errorCount" : 0,
    "errorPct" : 0.0,
    "meanResTime" : 399.08222222222224,
    "medianResTime" : 329.0,
    "minResTime" : 9.0,
    "maxResTime" : 1689.0,
    "pct1ResTime" : 857.8000000000001,
    "pct2ResTime" : 918.0,
    "pct3ResTime" : 1137.0900000000004,
    "throughput" : 5.490081253202548,
    "receivedKBytesPerSec" : 3.867195125112852,
    "sentKBytesPerSec" : 0.6808987491764878
  },
  "preorder-1" : {
    "transaction" : "preorder-1",
    "sampleCount" : 450,
    "errorCount" : 0,
    "errorPct" : 0.0,
    "meanResTime" : 1214.2733333333342,
    "medianResTime" : 1039.0,
    "minResTime" : 313.0,
    "maxResTime" : 5718.0,
    "pct1ResTime" : 2179.8,
    "pct2ResTime" : 2595.35,
    "pct3ResTime" : 4295.8,
    "throughput" : 5.4715237585720535,
    "receivedKBytesPerSec" : 639.8479438849643,
    "sentKBytesPerSec" : 0.6785971849010262
  },
  "Total" : {
    "transaction" : "Total",
    "sampleCount" : 8550,
    "errorCount" : 0,
    "errorPct" : 0.0,
    "meanResTime" : 1896.1869005847984,
    "medianResTime" : 1027.0,
    "minResTime" : 9.0,
    "maxResTime" : 32016.0,
    "pct1ResTime" : 4530.800000000001,
    "pct2ResTime" : 7083.899999999996,
    "pct3ResTime" : 13188.799999999996,
    "throughput" : 96.36951792698459,
    "receivedKBytesPerSec" : 19579.862143334158,
    "sentKBytesPerSec" : 17.767139227184092
  },
  "publisher" : {
    "transaction" : "publisher",
    "sampleCount" : 450,
    "errorCount" : 0,
    "errorPct" : 0.0,
    "meanResTime" : 1796.073333333334,
    "medianResTime" : 1595.0,
    "minResTime" : 316.0,
    "maxResTime" : 31758.0,