{
  "package-0" : {
    "transaction" : "package-0",
    "sampleCount" : 469,
    "errorCount" : 0,
    "errorPct" : 0.0,
    "meanResTime" : 555.5394456289972,
    "medianResTime" : 105.0,
    "minResTime" : 10.0,
    "maxResTime" : 48110.0,
    "pct1ResTime" : 435.0,
    "pct2ResTime" : 1485.5,
    "pct3ResTime" : 13576.300000000032,
    "throughput" : 5.159856536185007,
    "receivedKBytesPerSec" : 4.002558956036702,
    "sentKBytesPerSec" : 1.0077844797236342
  },
  "package" : {
    "transaction" : "package",
    "sampleCount" : 469,
    "errorCount" : 1,
    "errorPct" : 0.21321961,
    "meanResTime" : 2594.68869936034,
    "medianResTime" : 1050.0,
    "minResTime" : 303.0,
    "maxResTime" : 63544.0,
    "pct1ResTime" : 3357.0,
    "pct2ResTime" : 5281.0,
    "pct3ResTime" : 48953.50000000004,
    "throughput" : 4.846142718386409,
    "receivedKBytesPerSec" : 850.5446259738783,
    "sentKBytesPerSec" : 1.891006349583583
  },
  "package-1" : {
    "transaction" : "package-1",
    "sampleCount" : 469,
    "errorCount" : 1,
    "errorPct" : 0.21321961,
    "meanResTime" : 2030.6737739872074,
    "medianResTime" : 904.0,
    "minResTime" : 288.0,
    "maxResTime" : 53658.0,
    "pct1ResTime" : 2653.0,
    "pct2ResTime" : 4302.5,
    "pct3ResTime" : 29495.400000000005,
    "throughput" : 4.869843313570145,
    "receivedKBytesPerSec" : 850.9267158020705,
    "sentKBytesPerSec" : 0.9491132524115589
  },
  "panjabi" : {
    "transaction" : "panjabi",
    "sampleCount" : 469,
    "errorCount" : 0,
    "errorPct" : 0.0,
    "meanResTime" : 1387.8955223880596,
    "medianResTime" : 718.0,
    "minResTime" : 297.0,
    "maxResTime" : 57457.0,
    "pct1ResTime" : 1868.0,
    "pct2ResTime" : 2725.5,
    "pct3ResTime" : 22277.500000000062,
    "throughput" : 4.888268156424581,
    "receivedKBytesPerSec" : 593.3496606744559,
    "sentKBytesPerSec" : 1.2984462290502794
  },
  "publisher-1" : {
    "transaction" : "publisher-1",
    "sampleCount" : 469,
    "errorCount" : 0,
    "errorPct" : 0.0,
    "meanResTime" : 2404.686567164179,
    "medianResTime" : 1432.0,
    "minResTime" : 288.0,
    "maxResTime" : 47874.0,
    "pct1ResTime" : 3860.0,
    "pct2ResTime" : 6316.5,
    "pct3ResTime" : 25188.300000000014,
    "throughput" : 5.177057576827976,
    "receivedKBytesPerSec" : 439.54027958111647,
    "sentKBytesPerSec" : 0.7027451202920788
  },
  "book-1" : {
    "transaction" : "book-1",
    "sampleCount" : 468,
    "errorCount" : 1,
    "errorPct" : 0.21367522,
    "meanResTime" : 46326.305555555526,
    "medianResTime" : 58760.5,
    "minResTime" : 602.0,
    "maxResTime" : 81139.0,
    "pct1ResTime" : 70832.3,
    "pct2ResTime" : 74428.59999999999,
    "pct3ResTime" : 79908.95,
    "throughput" : 5.170756499353655,
    "receivedKBytesPerSec" : 5806.63392461316,
    "sentKBytesPerSec" : 0.6500022615154294
  },
  "writer-1" : {
    "transaction" : "writer-1",
    "sampleCount" : 469,
    "errorCount" : 0,
    "errorPct" : 0.0,
    "meanResTime" : 3812.081023454157,
    "medianResTime" : 1814.0,
    "minResTime" : 294.0,
    "maxResTime" : 59747.0,
    "pct1ResTime" : 7515.0,
    "pct2ResTime" : 16118.0,
    "pct3ResTime" : 40739.10000000004,
    "throughput" : 5.196215293935163,
    "receivedKBytesPerSec" : 435.688785897095,
    "sentKBytesPerSec" : 0.690122343725764
  },
  "book" : {
    "transaction" : "book",
    "sampleCount" : 469,
    "errorCount" : 2,
    "errorPct" : 0.42643923,
    "meanResTime" : 48645.473347547944,
    "medianResTime" : 61989.0,
    "minResTime" : 639.0,
    "maxResTime" : 81532.0,
    "pct1ResTime" : 73285.0,
    "pct2ResTime" : 76431.5,
    "pct3ResTime" : 80795.3,
    "throughput" : 5.1656533615296505,
    "receivedKBytesPerSec" : 5792.196778161209,
    "sentKBytesPerSec" : 1.2973399191283372
  },
  "book-0" : {
    "transaction" : "book-0",
    "sampleCount" : 468,
    "errorCount" : 0,
    "errorPct" : 0.0,
    "meanResTime" : 2303.626068376071,
    "medianResTime" : 2448.0,
    "minResTime" : 37.0,
    "maxResTime" : 20286.0,
    "pct1ResTime" : 3450.4,
    "pct2ResTime" : 3992.2,
    "pct3ResTime" : 11719.260000000002,
    "throughput" : 5.481377371749825,
    "receivedKBytesPerSec" : 3.870380944014992,
    "sentKBytesPerSec" : 0.6905250790583275
  },
  "writer-0" : {
    "transaction" : "writer-0",
    "sampleCount" : 469,
    "errorCount" : 0,
    "errorPct" : 0.0,
    "meanResTime" : 1119.7675906183354,
    "medianResTime" : 113.0,
    "minResTime" : 28.0,
    "maxResTime" : 21904.0,
    "pct1ResTime" : 1784.0,
    "pct2ResTime" : 7703.0,
    "pct3ResTime" : 20456.0,
    "throughput" : 5.248550773293942,
    "receivedKBytesPerSec" : 3.742997793985989,
    "sentKBytesPerSec" : 0.6970731495781015
  },
  "panjabi-0" : {
    "transaction" : "panjabi-0",
    "sampleCount" : 469,
    "errorCount" : 0,
    "errorPct" : 0.0,
    "meanResTime" : 351.70788912579883,
    "medianResTime" : 95.0,
    "minResTime" : 11.0,
    "maxResTime" : 24482.0,
    "pct1ResTime" : 325.0,
    "pct2ResTime" : 483.5,
    "pct3ResTime" : 10073.900000000043,
    "throughput" : 4.913515835350075,
    "receivedKBytesPerSec" : 3.503392774826875,
    "sentKBytesPerSec" : 0.6525763218824319
  },
  "panjabi-1" : {
    "transaction" : "panjabi-1",
    "sampleCount" : 469,
    "errorCount" : 0,
    "errorPct" : 0.0,
    "meanResTime" : 1036.144989339019,
    "medianResTime" : 599.0,
    "minResTime" : 281.0,
    "maxResTime" : 32976.0,
    "pct1ResTime" : 1732.0,
    "pct2ResTime" : 2453.0,
    "pct3ResTime" : 10211.50000000001,
    "throughput" : 4.918049977454569,
    "receivedKBytesPerSec" : 593.4580235521114,
    "sentKBytesPerSec" : 0.6531785126306848
  },
  "home" : {
    "transaction" : "home",
    "sampleCount" : 650,
    "errorCount" : 0,
    "errorPct" : 0.0,
    "meanResTime" : 7117.693846153838,
    "medianResTime" : 5621.0,
    "minResTime" : 1047.0,
    "maxResTime" : 66645.0,
    "pct1ResTime" : 12453.499999999998,
    "pct2ResTime" : 16189.89999999999,
    "pct3ResTime" : 43049.44000000008,
    "throughput" : 8.626410086264102,
    "receivedKBytesPerSec" : 3778.02037108079,
    "sentKBytesPerSec" : 1.002483203384207
  },
  "preorder-0" : {
    "transaction" : "preorder-0",
    "sampleCount" : 469,
    "errorCount" : 0,
    "errorPct" : 0.0,
    "meanResTime" : 401.5117270788917,
    "medianResTime" : 105.0,
    "minResTime" : 11.0,
    "maxResTime" : 25409.0,
    "pct1ResTime" : 652.0,
    "pct2ResTime" : 1541.0,
    "pct3ResTime" : 8939.1,
    "throughput" : 5.21928799563761,
    "receivedKBytesPerSec" : 3.6749523037480945,
    "sentKBytesPerSec" : 0.6473140385214614
  },
  "preorder-1" : {
    "transaction" : "preorder-1",
    "sampleCount" : 469,
    "errorCount" : 0,
    "errorPct" : 0.0,
    "meanResTime" : 2015.2025586353977,
    "medianResTime" : 1033.0,
    "minResTime" : 284.0,
    "maxResTime" : 53553.0,
    "pct1ResTime" : 2886.0,
    "pct2ResTime" : 4398.5,
    "pct3ResTime" : 31746.40000000002,
    "throughput" : 5.1196402060955375,
    "receivedKBytesPerSec" : 598.699694793304,
    "sentKBytesPerSec" : 0.634955377123177
  },
  "Total" : {
    "transaction" : "Total",
    "sampleCount" : 9090,
    "errorCount" : 5,
    "errorPct" : 0.055005502,
    "meanResTime" : 7009.120572057184,
    "medianResTime" : 1234.5,
    "minResTime" : 10.0,
    "maxResTime" : 81532.0,
    "pct1ResTime" : 15562.20000000001,
    "pct2ResTime" : 61951.04999999992,
    "pct3ResTime" : 72866.70000000001,
    "throughput" : 86.4249177584666,
    "receivedKBytesPerSec" : 17921.09944533018,
    "sentKBytesPerSec" : 15.809025830021488
  },
  "publisher" : {
    "transaction" : "publisher",
    "sampleCount" : 469,
    "errorCount" : 0,
    "errorPct" : 0.0,
    "meanResTime" : 3079.0127931769744,
    "medianResTime" : 1529.0,
    "minResTime" : 320.0,
    "maxResTime" : 63737.0,
    "pct1ResTime" : 5172.0,
    "pct2ResTime" : 12341.0,
    "pct3ResTime" : 31832.4,
    "throughput" : 5.155035777487113,
    "receivedKBytesPerSec" : 441.3606737200343,