{
  "package-0" : {
    "transaction" : "package-0",
    "sampleCount" : 600,
    "errorCount" : 0,
    "errorPct" : 0.0,
    "meanResTime" : 374.87833333333344,
    "medianResTime" : 230.0,
    "minResTime" : 12.0,
    "maxResTime" : 1915.0,
    "pct1ResTime" : 1042.6999999999998,
    "pct2ResTime" : 1192.6999999999996,
    "pct3ResTime" : 1586.6300000000003,
    "throughput" : 3.022928915826544,
    "receivedKBytesPerSec" : 2.344560837703985,
    "sentKBytesPerSec" : 0.5904158038723719
  },
  "package" : {
    "transaction" : "package",
    "sampleCount" : 600,
    "errorCount" : 0,
    "errorPct" : 0.0,
    "meanResTime" : 2011.9983333333325,
    "medianResTime" : 1841.5,
    "minResTime" : 342.0,
    "maxResTime" : 13541.0,
    "pct1ResTime" : 3446.9,
    "pct2ResTime" : 4164.75,
    "pct3ResTime" : 6848.830000000001,
    "throughput" : 3.003198406302712,
    "receivedKBytesPerSec" : 528.1876663490367,
    "sentKBytesPerSec" : 1.173124377461997
  },
  "package-1" : {
    "transaction" : "package-1",
    "sampleCount" : 600,
    "errorCount" : 0,
    "errorPct" : 0.0,
    "meanResTime" : 1637.046666666667,
    "medianResTime" : 1547.0,
    "minResTime" : 305.0,
    "maxResTime" : 12701.0,
    "pct1ResTime" : 2728.899999999999,
    "pct2ResTime" : 3178.6499999999996,
    "pct3ResTime" : 6094.620000000003,
    "throughput" : 3.0126228899087173,
    "receivedKBytesPerSec" : 527.5086303015886,
    "sentKBytesPerSec" : 0.5884029081852964
  },
  "panjabi" : {
    "transaction" : "panjabi",
    "sampleCount" : 600,
    "errorCount" : 0,
    "errorPct" : 0.0,
    "meanResTime" : 1329.0316666666665,
    "medianResTime" : 1090.0,
    "minResTime" : 305.0,
    "maxResTime" : 6502.0,
    "pct1ResTime" : 2621.8,
    "pct2ResTime" : 3167.499999999999,
    "pct3ResTime" : 4364.1900000000005,
    "throughput" : 3.0588523186100574,
    "receivedKBytesPerSec" : 371.2894986254283,
    "sentKBytesPerSec" : 0.8125076471307966
  },
  "publisher-1" : {
    "transaction" : "publisher-1",
    "sampleCount" : 600,
    "errorCount" : 0,
    "errorPct" : 0.0,
    "meanResTime" : 1607.9733333333336,
    "medianResTime" : 1548.0,
    "minResTime" : 289.0,
    "maxResTime" : 7745.0,
    "pct1ResTime" : 2516.3999999999996,
    "pct2ResTime" : 3101.549999999995,
    "pct3ResTime" : 4977.770000000007,
    "throughput" : 2.977475398609519,
    "receivedKBytesPerSec" : 252.79190657054383,
    "sentKBytesPerSec" : 0.40416902383469056
  },
  "book-1" : {
    "transaction" : "book-1",
    "sampleCount" : 600,
    "errorCount" : 0,
    "errorPct" : 0.0,
    "meanResTime" : 13509.596666666646,
    "medianResTime" : 11826.0,
    "minResTime" : 665.0,
    "maxResTime" : 36277.0,
    "pct1ResTime" : 24311.299999999992,
    "pct2ResTime" : 29538.499999999993,
    "pct3ResTime" : 34405.45,
    "throughput" : 2.971591584452633,
    "receivedKBytesPerSec" : 3344.1490899732926,
    "sentKBytesPerSec" : 0.3743508929632711
  },
  "writer-1" : {
    "transaction" : "writer-1",
    "sampleCount" : 600,
    "errorCount" : 0,
    "errorPct" : 0.0,
    "meanResTime" : 1766.7199999999993,
    "medianResTime" : 1687.0,
    "minResTime" : 300.0,
    "maxResTime" : 10615.0,
    "pct1ResTime" : 2814.7999999999997,
    "pct2ResTime" : 3412.2999999999975,
    "pct3ResTime" : 5449.300000000007,
    "throughput" : 2.983931528717854,
    "receivedKBytesPerSec" : 250.19611676279484,
    "sentKBytesPerSec" : 0.39630340615784004
  },
  "book" : {
    "transaction" : "book",
    "sampleCount" : 600,
    "errorCount" : 0,
    "errorPct" : 0.0,
    "meanResTime" : 15202.005000000001,
    "medianResTime" : 13778.0,
    "minResTime" : 708.0,
    "maxResTime" : 38303.0,
    "pct1ResTime" : 25652.0,
    "pct2ResTime" : 30963.899999999994,
    "pct3ResTime" : 35047.33,
    "throughput" : 2.968210465910103,
    "receivedKBytesPerSec" : 3342.4408810158825,
    "sentKBytesPerSec" : 0.7478499025437564
  },
  "book-0" : {
    "transaction" : "book-0",
    "sampleCount" : 600,
    "errorCount" : 0,
    "errorPct" : 0.0,
    "meanResTime" : 1692.4049999999982,
    "medianResTime" : 1643.0,
    "minResTime" : 21.0,
    "maxResTime" : 9151.0,
    "pct1ResTime" : 2856.2999999999997,
    "pct2ResTime" : 3289.4499999999994,
    "pct3ResTime" : 4418.690000000003,
    "throughput" : 2.9961649089165867,
    "receivedKBytesPerSec" : 2.1165583833942554,
    "sentKBytesPerSec" : 0.3774465559084372
  },
  "writer-0" : {
    "transaction" : "writer-0",
    "sampleCount" : 600,
    "errorCount" : 0,
    "errorPct" : 0.0,
    "meanResTime" : 782.6200000000001,
    "medianResTime" : 837.5,
    "minResTime" : 11.0,
    "maxResTime" : 3864.0,
    "pct1ResTime" : 1324.9,
    "pct2ResTime" : 1511.0,
    "pct3ResTime" : 2280.1400000000017,
    "throughput" : 2.9973623211573814,
    "receivedKBytesPerSec" : 2.1369085829470067,
    "sentKBytesPerSec" : 0.39808718327871473
  },
  "panjabi-0" : {
    "transaction" : "panjabi-0",
    "sampleCount" : 600,
    "errorCount" : 0,
    "errorPct" : 0.0,
    "meanResTime" : 263.83999999999986,
    "medianResTime" : 144.0,
    "minResTime" : 11.0,
    "maxResTime" : 1790.0,
    "pct1ResTime" : 715.8,
    "pct2ResTime" : 1138.0,
    "pct3ResTime" : 1557.9,
    "throughput" : 3.0633970009343363,
    "receivedKBytesPerSec" : 2.1845550703049614,
    "sentKBytesPerSec" : 0.40685741418659155
  },
  "panjabi-1" : {
    "transaction" : "panjabi-1",
    "sampleCount" : 600,
    "errorCount" : 0,
    "errorPct" : 0.0,
    "meanResTime" : 1065.143333333333,
    "medianResTime" : 913.0,
    "minResTime" : 291.0,
    "maxResTime" : 5060.0,
    "pct1ResTime" : 1959.3999999999999,
    "pct2ResTime" : 2316.549999999995,
    "pct3ResTime" : 3281.8100000000004,
    "throughput" : 3.0673121654712667,
    "receivedKBytesPerSec" : 370.1290244094146,
    "sentKBytesPerSec" : 0.40737739697665265
  },
  "home" : {
    "transaction" : "home",
    "sampleCount" : 600,
    "errorCount" : 1,
    "errorPct" : 0.16666667,
    "meanResTime" : 7814.016666666664,
    "medianResTime" : 5380.0,
    "minResTime" : 1169.0,
    "maxResTime" : 201417.0,
    "pct1ResTime" : 15300.999999999998,
    "pct2ResTime" : 23163.599999999988,
    "pct3ResTime" : 34254.830000000016,
    "throughput" : 2.9529593574360438,
    "receivedKBytesPerSec" : 1290.7633882486366,
    "sentKBytesPerSec" : 0.34259423170149517
  },
  "preorder-0" : {
    "transaction" : "preorder-0",
    "sampleCount" : 600,
    "errorCount" : 0,
    "errorPct" : 0.0,
    "meanResTime" : 511.85333333333347,
    "medianResTime" : 395.0,
    "minResTime" : 10.0,
    "maxResTime" : 2724.0,
    "pct1ResTime" : 1136.9,
    "pct2ResTime" : 1302.85,
    "pct3ResTime" : 1596.88,
    "throughput" : 2.997946406711403,
    "receivedKBytesPerSec" : 2.1109758565382712,
    "sentKBytesPerSec" : 0.37181561880112124
  },
  "preorder-1" : {
    "transaction" : "preorder-1",
    "sampleCount" : 600,
    "errorCount" : 0,
    "errorPct" : 0.0,
    "meanResTime" : 1633.4866666666653,
    "medianResTime" : 1584.5,
    "minResTime" : 296.0,
    "maxResTime" : 12577.0,
    "pct1ResTime" : 2595.6,
    "pct2ResTime" : 3102.949999999997,
    "pct3ResTime" : 4995.6900000000005,
    "throughput" : 2.9875121990081457,
    "receivedKBytesPerSec" : 349.36544832444133,
    "sentKBytesPerSec" : 0.37052153249417435
  },
  "Total" : {
    "transaction" : "Total",
    "sampleCount" : 11400,
    "errorCount" : 1,
    "errorPct" : 0.00877193,
    "meanResTime" : 3095.17912280702,
    "medianResTime" : 1466.0,
    "minResTime" : 9.0,
    "maxResTime" : 201417.0,
    "pct1ResTime" : 8123.999999999996,
    "pct2ResTime" : 14618.949999999999,
    "pct3ResTime" : 26368.809999999998,
    "throughput" : 54.098430670962905,
    "receivedKBytesPerSec" : 10988.899130487847,
    "sentKBytesPerSec" : 9.97329056818775
  },
  "publisher" : {
    "transaction" : "publisher",
    "sampleCount" : 600,
    "errorCount" : 0,
    "errorPct" : 0.0,
    "meanResTime" : 2259.4850000000006,
    "medianResTime" : 2327.0,
    "minResTime" : 304.0,