{
  "package-0" : {
    "transaction" : "package-0",
    "sampleCount" : 400,
    "errorCount" : 0,
    "errorPct" : 0.0,
    "meanResTime" : 322.72500000000025,
    "medianResTime" : 134.0,
    "minResTime" : 11.0,
    "maxResTime" : 1839.0,
    "pct1ResTime" : 924.4000000000002,
    "pct2ResTime" : 966.9,
    "pct3ResTime" : 1598.1500000000008,
    "throughput" : 15.46551190844417,
    "receivedKBytesPerSec" : 11.9917374294386,
    "sentKBytesPerSec" : 3.0206077946180017
  },
  "package" : {
    "transaction" : "package",
    "sampleCount" : 400,
    "errorCount" : 0,
    "errorPct" : 0.0,
    "meanResTime" : 1666.7000000000014,
    "medianResTime" : 1304.5,
    "minResTime" : 308.0,
    "maxResTime" : 10381.0,
    "pct1ResTime" : 2939.8,
    "pct2ResTime" : 4068.7999999999993,
    "pct3ResTime" : 6028.87,
    "throughput" : 15.244483402568695,
    "receivedKBytesPerSec" : 2681.1284311997406,
    "sentKBytesPerSec" : 5.954876329128396
  },
  "package-1" : {
    "transaction" : "package-1",
    "sampleCount" : 400,
    "errorCount" : 0,
    "errorPct" : 0.0,
    "meanResTime" : 1343.8924999999992,
    "medianResTime" : 1101.0,
    "minResTime" : 295.0,
    "maxResTime" : 9469.0,
    "pct1ResTime" : 2220.000000000001,
    "pct2ResTime" : 3250.35,
    "pct3ResTime" : 5640.100000000002,
    "throughput" : 15.372790161414295,
    "receivedKBytesPerSec" : 2691.774581451768,
    "sentKBytesPerSec" : 3.00249807840123
  },
  "panjabi" : {
    "transaction" : "panjabi",
    "sampleCount" : 400,
    "errorCount" : 0,
    "errorPct" : 0.0,
    "meanResTime" : 1136.8150000000012,
    "medianResTime" : 798.5,
    "minResTime" : 307.0,
    "maxResTime" : 9906.0,
    "pct1ResTime" : 2169.9,
    "pct2ResTime" : 2726.5499999999997,
    "pct3ResTime" : 5779.96000000001,
    "throughput" : 15.43507621068879,
    "receivedKBytesPerSec" : 1873.5514919568784,
    "sentKBytesPerSec" : 4.09994211846421
  },
  "publisher-1" : {
    "transaction" : "publisher-1",
    "sampleCount" : 400,
    "errorCount" : 0,
    "errorPct" : 0.0,
    "meanResTime" : 1225.8900000000003,
    "medianResTime" : 995.0,
    "minResTime" : 304.0,
    "maxResTime" : 8968.0,
    "pct1ResTime" : 2148.4,
    "pct2ResTime" : 2444.45,
    "pct3ResTime" : 5744.490000000012,
    "throughput" : 14.649331624244644,
    "receivedKBytesPerSec" : 1243.7524320179455,
    "sentKBytesPerSec" : 1.988532320087896
  },
  "book-1" : {
    "transaction" : "book-1",
    "sampleCount" : 400,
    "errorCount" : 0,
    "errorPct" : 0.0,
    "meanResTime" : 7067.050000000001,
    "medianResTime" : 6176.0,
    "minResTime" : 630.0,
    "maxResTime" : 27692.0,
    "pct1ResTime" : 12303.000000000002,
    "pct2ResTime" : 14434.799999999997,
    "pct3ResTime" : 19557.080000000013,
    "throughput" : 14.321518080916578,
    "receivedKBytesPerSec" : 16117.057676277747,
    "sentKBytesPerSec" : 1.8041756176154673
  },
  "writer-1" : {
    "transaction" : "writer-1",
    "sampleCount" : 400,
    "errorCount" : 0,
    "errorPct" : 0.0,
    "meanResTime" : 1422.3374999999996,
    "medianResTime" : 1215.5,
    "minResTime" : 316.0,
    "maxResTime" : 7589.0,
    "pct1ResTime" : 2320.900000000001,
    "pct2ResTime" : 3063.4499999999994,
    "pct3ResTime" : 5556.26,
    "throughput" : 14.546512473634447,
    "receivedKBytesPerSec" : 1219.6925046253364,
    "sentKBytesPerSec" : 1.9319586879045747
  },
  "book" : {
    "transaction" : "book",
    "sampleCount" : 400,
    "errorCount" : 0,
    "errorPct" : 0.0,
    "meanResTime" : 8149.277500000002,
    "medianResTime" : 7834.5,
    "minResTime" : 745.0,
    "maxResTime" : 27823.0,
    "pct1ResTime" : 13216.000000000004,
    "pct2ResTime" : 14904.65,
    "pct3ResTime" : 20123.660000000014,
    "throughput" : 14.220199793807103,
    "receivedKBytesPerSec" : 16013.077619238597,
    "sentKBytesPerSec" : 3.582823776174055
  },
  "book-0" : {
    "transaction" : "book-0",
    "sampleCount" : 400,
    "errorCount" : 0,
    "errorPct" : 0.0,
    "meanResTime" : 1082.17,
    "medianResTime" : 1290.0,
    "minResTime" : 38.0,
    "maxResTime" : 3984.0,
    "pct1ResTime" : 1878.0,
    "pct2ResTime" : 2038.3999999999999,
    "pct3ResTime" : 3035.82,
    "throughput" : 20.35105571101501,
    "receivedKBytesPerSec" : 14.369852613838717,
    "sentKBytesPerSec" : 2.563756041719664
  },
  "writer-0" : {
    "transaction" : "writer-0",
    "sampleCount" : 400,
    "errorCount" : 0,
    "errorPct" : 0.0,
    "meanResTime" : 600.6149999999998,
    "medianResTime" : 640.5,
    "minResTime" : 21.0,
    "maxResTime" : 2724.0,
    "pct1ResTime" : 965.9000000000001,
    "pct2ResTime" : 1034.8,
    "pct3ResTime" : 1772.3800000000033,
    "throughput" : 14.69021998604429,
    "receivedKBytesPerSec" : 10.47574793877851,
    "sentKBytesPerSec" : 1.9510448418965074
  },
  "panjabi-0" : {
    "transaction" : "panjabi-0",
    "sampleCount" : 400,
    "errorCount" : 0,
    "errorPct" : 0.0,
    "meanResTime" : 232.7675000000002,
    "medianResTime" : 79.0,
    "minResTime" : 10.0,
    "maxResTime" : 1617.0,
    "pct1ResTime" : 878.1000000000004,
    "pct2ResTime" : 945.4999999999999,
    "pct3ResTime" : 1120.5200000000004,
    "throughput" : 15.628662967883098,
    "receivedKBytesPerSec" : 11.142748300382902,
    "sentKBytesPerSec" : 2.075681800421974
  },
  "panjabi-1" : {
    "transaction" : "panjabi-1",
    "sampleCount" : 400,
    "errorCount" : 0,
    "errorPct" : 0.0,
    "meanResTime" : 903.9399999999997,
    "medianResTime" : 716.5,
    "minResTime" : 286.0,
    "maxResTime" : 8936.0,
    "pct1ResTime" : 1578.9,
    "pct2ResTime" : 2101.2499999999995,
    "pct3ResTime" : 5017.110000000003,
    "throughput" : 15.553913753548237,
    "receivedKBytesPerSec" : 1876.886861378174,
    "sentKBytesPerSec" : 2.0657541703931255
  },
  "home" : {
    "transaction" : "home",
    "sampleCount" : 400,
    "errorCount" : 0,
    "errorPct" : 0.0,
    "meanResTime" : 3604.7574999999993,
    "medianResTime" : 3198.5,
    "minResTime" : 521.0,
    "maxResTime" : 18792.0,
    "pct1ResTime" : 5747.900000000001,
    "pct2ResTime" : 6704.499999999999,
    "pct3ResTime" : 13691.150000000009,
    "throughput" : 18.610710463871957,
    "receivedKBytesPerSec" : 8151.495999424232,
    "sentKBytesPerSec" : 2.16276811054762
  },
  "preorder-0" : {
    "transaction" : "preorder-0",
    "sampleCount" : 400,
    "errorCount" : 0,
    "errorPct" : 0.0,
    "meanResTime" : 379.0949999999997,
    "medianResTime" : 215.5,
    "minResTime" : 10.0,
    "maxResTime" : 1796.0,
    "pct1ResTime" : 899.8000000000001,
    "pct2ResTime" : 952.0,
    "pct3ResTime" : 1059.88,
    "throughput" : 15.34330648254699,
    "receivedKBytesPerSec" : 10.801073432105868,
    "sentKBytesPerSec" : 1.9029296125815114
  },
  "preorder-1" : {
    "transaction" : "preorder-1",
    "sampleCount" : 400,
    "errorCount" : 0,
    "errorPct" : 0.0,
    "meanResTime" : 1293.3824999999993,
    "medianResTime" : 1060.0,
    "minResTime" : 322.0,
    "maxResTime" : 10767.0,
    "pct1ResTime" : 2160.5000000000005,
    "pct2ResTime" : 2722.449999999999,
    "pct3ResTime" : 4888.880000000001,
    "throughput" : 15.236353940502038,
    "receivedKBytesPerSec" : 1781.763780567935,
    "sentKBytesPerSec" : 1.8896649906677332
  },
  "Total" : {
    "transaction" : "Total",
    "sampleCount" : 7600,
    "errorCount" : 0,
    "errorPct" : 0.0,
    "meanResTime" : 1913.0627631578996,
    "medianResTime" : 1027.0,
    "minResTime" : 9.0,
    "maxResTime" : 27823.0,
    "pct1ResTime" : 4783.400000000003,
    "pct2ResTime" : 7661.19999999999,
    "pct3ResTime" : 12985.53999999999,
    "throughput" : 233.5802317361773,
    "receivedKBytesPerSec" : 47457.64557465347,
    "sentKBytesPerSec" : 43.06395411377816
  },
  "publisher" : {
    "transaction" : "publisher",
    "sampleCount" : 400,
    "errorCount" : 0,
    "errorPct" : 0.0,
    "meanResTime" : 1723.602500000001,
    "medianResTime" : 1516.0,
    "minResTime" : 318.0,
    "maxResTime" : 9914.0,
    "pct1ResTime" : 2912.6000000000004,